{"cameraMode":{"drawMode":0,"name":"Shaded","section":"Shading Mode"},"sceneLighting":true,"audioPlay":false,"sceneViewState":{"showFog":true,"showMaterialUpdate":false,"showSkybox":true,"showFlares":true,"showImageEffects":true,"showParticleSystems":true},"in2DMode":false,"pivot":{"x":10.204296112060547,"y":6.292806148529053,"z":-12.626873016357422},"rotation":{"x":-0.16863903403282166,"y":0.19474534690380097,"z":-0.03381785750389099,"w":-0.9659186601638794},"size":2.666025161743164,"orthographic":false}