{"cameraMode":{"drawMode":0,"name":"Shaded","section":"Shading Mode"},"sceneLighting":true,"audioPlay":false,"sceneViewState":{"showFog":true,"showMaterialUpdate":false,"showSkybox":true,"showFlares":true,"showImageEffects":true,"showParticleSystems":true},"in2DMode":false,"pivot":{"x":7.1575469970703129,"y":10.294224739074707,"z":-1.8089940547943116},"rotation":{"x":-0.06014296039938927,"y":-0.6920548677444458,"z":-0.05805681645870209,"w":0.7170098423957825},"size":10.0,"orthographic":false}