{"cameraMode":{"drawMode":0,"name":"Shaded","section":"Shading Mode"},"sceneLighting":true,"audioPlay":false,"sceneViewState":{"showFog":true,"showMaterialUpdate":false,"showSkybox":true,"showFlares":true,"showImageEffects":true,"showParticleSystems":true},"in2DMode":false,"pivot":{"x":13.006267547607422,"y":2.0787715911865236,"z":-11.137995719909668},"rotation":{"x":-0.06970030814409256,"y":0.17181318998336793,"z":-0.012172004207968712,"w":-0.9826331734657288},"size":1.1660254001617432,"orthographic":false}